No,text,class
1,"The EasyEMI Scheme is open to select HDFC Bank credit card holders holding a valid HDFC Bank credit card issued in India. EasyEMI option is not available on select Corporate Credit Cards, Purchase & Commercial credit cards. EasyEMI transactions done on Credit Card products where the EasyEMI option is not available shall be debited to the card account in full.",1
2,EasyEMI transactions will not be eligible for Reward Points effective 15th July’17,0
3,"For the First EMI, the Interest will be calculated from the loan booking date till the payment due date",0
4,Any query related to merchant payback / Cashback to be raised within 180 days of transaction date.,0
5,"EasyEMI is valid only on Credit cards in ‘regular’ status. It is not valid on cards on which a block is placed due to Payment Due, Lost Card reported, Upgrade in progress etc. EasyEMI transactions done on such Credit Cards shall be debited to the card account in full and become payable.",0
6,Customer is informed about successful or rejected Loan Booking on the Card and customer should call Phone banking to check the reason in case of reject.,0
7,EasyEMI facility is available at select merchant websites and merchant outlets.,0
8,EasyEMI conversion will take minimum 4 working days from the date of transaction,0
9,EasyEMI is not valid at Jewellery merchants or at merchants classified under Jewellery related Merchant Category Codes (MCCs) by Acquiring Banks. HDFC Bank will not be liable to convert any transaction done at such merchants and any such conversion request will be rejected in compliance to regulatory guidelines.,1
10,"EasyEMI needs to be availed at the time of doing transaction at merchant outlet or merchant website. It is not a backend conversion process. In case of merchant websites offering HDFC Bank EasyEMI, ‘HDFC Bank’ EMI option & required tenure needs to be selected on the payment page of merchant website. The Bank is not liable to or responsible for converting transactions wherein ‘HDFC Bank’ EMI option was not chosen by cardholder or in case of technical issues at merchant’s end in routing the transaction to the Bank as an EMI transaction",1
11,"In case of transactions done at physical outlets of merchants (POS transactions), please check with merchant on availability of EasyEMI facility BEFORE swiping your HDFC Bank Credit card. EasyEMI in POS transactions is valid only on swipe done on HDFC Bank/Plutus swipe machine. Please ensure that the intention to avail HDFC Bank EasyEMI along with the tenure option is communicated to merchant before swiping card. The chargeslip generated post swipe will indicate the EasyEMI tenure, Transaction Amount, Merchant Payback, Loan Amount, EasyEMI Finance Charges (% on reducing balance per annum) and EMI value. Please highlight to merchant immediately if the tenure is not appearing/wrongly appearing. HDFC Bank is not liable for erroneous swipes done by merchant eg. Swipe done as regular transaction instead of swiping as EasyEMI transaction OR swipe done on other Bank swipe machine. The Bank is also not liable to or responsible for converting such erroneous transactions to EasyEMI transactions at the backend.",1
12,"Please ensure that all terms & charges mentioned on chargeslip are read before signing on the same. Cardholder can ask merchant to void transaction if he/she is not in agreement with the terms/charges. Once a transaction is settled by merchant, Bank will deem chargeslip as ‘customer consent’ for EasyEMI terms, conditions and charges",0
13,"At select merchants, ‘Merchant Payback’ might be applicable. This is being provided by respective merchant/manufacturer and not by Issuing Bank. In such cases, the ‘Loan amount’ will be Transaction Amount less Merchant Payback amount. EasyEMI Finance Charges will be applied on the ‘Loan Amount’ to calculate EMI.",0
14,"At select merchants, processing fee may be applicable on EasyEMI transactions. ",0
15,Change of tenure is not allowed once EasyEMI txn has been completed,0
16,Customers need to report to HDFC Bank any dispute with respect to an EasyEMI transaction within 60 days of transaction being done. The bank is not liable for any kind of conversion or charges reversal for claims beyond this period.,0
17,"Processing fee (if any) will be charged in full in the statement subsequent to the transaction date. Service tax, Education Cess & other taxes as mandated by Government regulations from time to time will be applicable on Processing Fee charged.",0
18,The credit limit on the HDFC Bank credit card shall be blocked to the extent of the full transaction amount. The credit limit will be released as and when the EMI is billed and paid for in subsequent months as per EMI plan.,0
19,"The EMI debit per statement will be part of ‘Minimum Amount Due” and is payable by the Payment Due Date. Service tax, Education Cess & other taxes as mandated by Government regulations from time to time will be applicable on Interest component of each EMI billed",0
20,"In case of Online EasyEMI transactions done at merchant websites, if refund done by merchant is greater than 90.01% of EasyEMI Prinicipal Outstanding on Credit Card then EMI Loan will be pre-closed. In such cases processing fees charged (if any) will be reversed. Interest charged as part of EMIs already posted to card will not be reversed. Since EMI will be preclosed, EasyEMI preclosure Interest charges (as applicable) will be levied to card eg. Customer is in 3rd month of EMI and statement date is 25th of every month. If loan gets preclosed on 19th November, then interest for 25th October to 19th November will be levied as 'Preclosure Interest charges'. However, If the refund amount from merchant is less than 90.01% of EasyEMI Principal Outstanding, then the EMI Loan will not get pre-closed. In such cases, the balance EasyEMI Prinicipal outstanding will get reduced to the extent of the refund and EMI for remaining tenures will get reduced.",0
21,All prevailing terms and conditions of merchants would apply in addition to these terms and conditions,0
22,"Approval of EasyEMI is at the sole discretion of HDFC Bank. The EasyEMI scheme is available for select tenures and the purchase amount along with Interest, processing fee charges needs to be re-paid within the respective tenure opted for by the HDFC Bank Credit Card customer.",0
23,"The EMI scheme can be pre-closed by calling the 24 hour HDFC Bank Credit Cards customer service. 'Preclosure Interest charges' (as applicable) will apply. In case of preclosure, any payback offered by merchant at time of loan booking will be debited on pro rata basis. Any payment made into the credit card account over and above the EasyEMI shall not be deemed to be payment towards the amount availed under EMI scheme and shall not result in the closure of the said facility. HDFC Bank reserves the right to revise the pre-payment charges at its discretion, without prior notice and such revised charges shall be binding on the Card Holder.",0
24,"Customers can choose to cancel the EasyEMI transaction and pay in full instead of monthly installments by calling the 24 hour HDFC Bank Credit Cards customer service. On cancellation original Loan amount & ‘Merchant Payback’ will be debited in full (and become payable), EMI debits will be credited; processing fees charged initially (if any) will be reversed. However once an EasyEMI transaction is cancelled on card, the same cannot be reconverted.",0
25,"In the event of non-payment of minimum amount due for three successive months the EMI shall be closed and the principal outstanding, the interest for the day till closure and the pre -closure charges shall be debited to the credit card account of the Cardholder and appear in the subsequent monthly statement. HDFC Bank shall be entitled to demand immediate repayment of such consolidated outstanding amounts.",0
26,"In the event of cardholder becoming delinquent, the EMI shall be closed and the principal outstanding, the interest for the day till closure and the pre -closure charges shall be debited to the credit card account of the Cardholder and appear in the subsequent monthly statement. HDFC Bank shall be entitled to demand immediate repayment of such consolidated outstanding amounts.",0
27,"In the event of a credit card being closed prior to all installments being charged, the amount outstanding against EasyEMI scheme may be charged as a consolidated transaction of the card member. HDFC Bank shall be entitled to demand immediate repayment of such consolidated outstanding amount.",1
28,"Any query/dispute with regards to the payment using the EasyEMI option should be directed towards HDFC Bank, and merchants shall not be liable for the same in any manner.",0
29,"Visa CardPay offers the HDFC Bank Account Holder/ User, online funds transfer from his Bank Account to any domestic Visa Credit Card.",0
30,"Visa CardPay is provided by HDFC Bank at my request, which request shall mean my authorisation for debiting the Account Holder/ User's Account towards the amount of such transfer, together with the charges, if any.",0
31,"To effect Visa CardPay, I shall provide to HDFC Bank all the information as required under the relevant screen including: Card number, amount, in absence of which the Bank shall not be liable to effect the Visa CardPay.",0
32,The Visa CardPay service is only applicable for credits to VISA Cards issued in India. This service is not applicable for Cards issued by any other Issuing authority.,0
33,The Visa CardPay service is not applicable for transfers to Cards not issued in India.,0
34,"While HDFC Bank shall endeavour to ensure that transfers are not made to any Card not issued in India, the onus shall lie on me to ensure that there are no FEMA or Exchange Control violations being done by me, and I shall be held liable for liability therein.",0
35,"HDFC Bank shall send the transfer only to the Card number of the beneficiary. While the Bank may at its discretion obtain certain other details of the beneficiary like: Name, Address, Bank name etc. the Bank is in no way responsible to verify or authenticate the same.",1
36,"While HDFC Bank shall endeavour to effect the Visa CardPay instruction at the earliest on receipt, it does not guarantee or be held responsible for performance hereunder.",0
37,HDFC Bank shall process all transactions received till 12 midnight of the previous day on the next day.,0
38,All transactions shall be processed only on working days. Transactions done on Sundays and bank holidays will be processed on the next working day.,0
39,"The Bank shall assume no responsibility for: Visa CardPay transactions carried out in good faith relying on my instructions.Not carrying out Visa CardPay transactions where the Bank has reason to believe in its sole discretion that the instructions are not genuine or are otherwise unclear, improper, vague, or doubtful. For the performance of VISA or any other entity involved in the process; and for any loss or damage incurred or suffered by me for any failure or interruption of Visa CardPay service or consequences arising out of delayed payments.",0
40,"HDFC Bank may also make additions/ deletions to the services offered through any of its channels at its sole discretion. The availability/ non-availability of a particular service shall be informed to me through email, web site of the Bank or by written communication.",0
41,"I am entirely responsible for providing the correct Card Number of the beneficiary. The Bank will process all transactions only on the basis of the information provided by me. The Bank will not be responsible for any erroneous credit, if an erroneous Card number is provided by me. The Bank will also not be responsible to reverse such a wrong transaction.",1
42,"HDFC Bank shall on best effort basis send the remittance within 24 hours of the transaction, however the Bank is not responsible for the period within which the beneficiary Bank will credit the proceeds to the beneficiary Card.",0
43,HDFC Bank shall offer this service for Savings Account and Current Account customers.,0
44,"Reversal of Salary Credits: I hereby irrevocably and unconditionally authorise the Bank to on the request of my employer/company recover by marking hold funds/debiting/reversal of credit, any excess amount credited by and/or on the instructions of the employer/company into my account, with notice to me. The Bank will not be held responsible and liable for any such hold funds/debit/reversal of credit carried out by the Bank.",0
45,"I acknowledge that my account has been opened with the Bank by virtue of my employment with the employer/company and is designated as ""Salary Account"". I understand that pursuant to the arrangement between the employer/company and the Bank, at the sole discretion of the Bank I may be entitled to certain facilities on the Salary Account only during the currency of my employment with the employer/company or till the subsistence of the arrangement between the employer/company and the Bank. I shall notify the Bank on cessation of services with the employer/company. The words ""the employer/company"" refers to the corporate in which I am employed and on whose request the Salary Account is opened with the Bank.",0
46,I understand and acknowledge that the special facilities offered on Salary Account are basis agreement of regular salary credit between the employer/company and the Bank.,0
47,I understand and acknowledge that the name of the account holder is not tallied with the account number before crediting salary in the respective accounts as provided by my employer/company.,0
48,I understand and acknowledge that the responsibility of providing the correct account number for crediting of salaries will lie solely with my employer/company and i shall not hold the bank responsible for any wrong credit arising out of such incorrect account number provided by my employer/company.,0
49,"I hereby agree that in the event of no salary credits in my Salary Account for any continuous three months, the Bank reserves the right to change the status of Salary Account to Savings Regular Account without any intimation to the account holder/me and the Terms & Conditions as applicable to the HDFC Bank Savings Regular Account shall apply to this account from the date of change of status. The Terms & Conditions and features applicable to Savings Regular Account are published on the website of the Bank.",1
50,I hereby agree that the Bank may at its sole and absolute discretion close the Salary Account if noticed that no amounts are credited by and/or on the instructions of the employer/company to the Salary Account regularly or in the event of my ceasing to be in the services of the employer/company for any reason whatsoever after giving me a notice of 30 days.,0
51,I agree that any modification to the mode of operation in my account can be effected by the Bank with the consent of all joint holders to my account. I acknowledge that the Bank will not be entertaining any request for modification received without consent of all joint holders to my account. I further agree and acknowledge that till such time the Bank shall continue to honor the instructions in accordance with the mode of operation agreed at the time of opening the account.,0
52,Additional benefit for Salary Account Customer - Personal Accidental Death Cover (PADC) on Salary Account,0
53,"The following are the broad Terms & Conditions of the captioned cover on salary account and Titanium Royale Debit card Accidental Death resulting from bodily injury due accident only Accidental Death resulting from bodily injury which directly and independently of all other causes results in Death within twelve (12) months of the event date On the event date, the account holder Is a bonafide employees (aged less than 70 years ) of the organization to whom the specific offer has been extended Is holding a Salary Account under the Corporate Salary Account Program with HDFC Bank and has received salary credit in the month or month prior Should have carried out at least one purchase transaction using the Debit Card, within 6 months prior to the date of loss. In case of Air Accidental Death claim ticket should have been purchased using Debit Card linked to Salary Account Cover provided only to the primary account holder The following are the broad Terms & Conditions of the captioned cover in case of Salary Family Account Accidental Death resulting from bodily injury due accident only Accidental Death resulting from bodily injury which directly and independently of all other causes results in Death within twelve (12) months of the event date On the event date, the account holder Is aged less than 70 years Is holding a Salary Family Account by virtue of his/her relationship with the salary account holder and such salary account is a zero balance account and has received salary credit in the month or month prior Should have carried out at least one purchase transaction using the debit card, within 6 months prior to the date of loss In case of Air Accidental Death claim ticket should have been purchased using Debit Card linked to Salary Family Account Cover provided only to the primary account holder The following are the broad Terms & Conditions of the captioned cover on salary account and Titanium Royale Debit card Accidental Death resulting from bodily injury due accident only Accidental Death resulting from bodily injury which directly and independently of all other causes results in Death within twelve (12) months of the event date On the event date, the account holder Is a bonafide employees (aged less than 70 years ) of the organization to whom the specific offer has been extended Is holding a Salary Account under the Corporate Salary Account Program with HDFC Bank and has received salary credit in the month or month prior Should have carried out at least one purchase transaction using the Debit Card, within 6 months prior to the date of loss. In case of Air Accidental Death claim ticket should have been purchased using Debit Card linked to Salary Account Cover provided only to the primary account holder The following are the broad Terms & Conditions of the captioned cover in case of Salary Family Account Accidental Death resulting from bodily injury due accident only Accidental Death resulting from bodily injury which directly and independently of all other causes results in Death within twelve (12) months of the event date On the event date, the account holder Is aged less than 70 years Is holding a Salary Family Account by virtue of his/her relationship with the salary account holder and such salary account is a zero balance account and has received salary credit in the month or month prior Should have carried out at least one purchase transaction using the debit card, within 6 months prior to the date of loss In case of Air Accidental Death claim ticket should have been purchased using Debit Card linked to Salary Family Account Cover provided only to the primary account holder",0
54,"Claim Procedure: In the event of death of the account holder, the beneficiary to approach the account branch, and the branch would guide the customer on the documents required. On the receipt of these documents by the branch, as special gesture for our salary account holders, HDFC bank would liaise with the insurance company for processing the claim. However, receipt of the documents by the branch does not construe acceptance of claim. In the event of death, the beneficiary has to inform the account branch immediately. As per policy the insurance company needs to be informed (through the bank) within 30 days of accident and all supporting documents relating to the claim needs to be submitted to the insurance company within sixty (60) days from the date of loss.",0
55,"Disclaimer : The account holder specifically acknowledges that the Bank will not be liable in any manner whatsoever by virtue of any insurance cover provided, and that the insurance company will be solely liable, in case of a death of a Cardholder and shall not hold the Bank responsible for any matter arising out of or in connection with such insurance cover, whether for or in respect of any deficiency or defect in such insurance cover, recovery or payment of compensation, processing or settlement of claims or otherwise howsoever, and all such matters shall be addressed to and sorted out directly with the Insurance company.The account holder further acknowledges that the insurance cover so provided will be available to the salary accounts only as per the terms of the relevant insurance policy in force, with his account maintained in good standing. On the account being closed or converted to savings regular account temporarily or permanently for whatever reason, the benefit of such insurance cover shall automatically and ipso facto cease to be available from such date of cesser of account. Further the account holder also agrees that even during continuation of his account, the Bank may at any time suspend, withdraw or cancel the benefit of such insurance cover, and there will no binding obligation on the Bank to continue this benefit. Insurance company can be subject to change and insurance cover is subject to the terms and conditions of the policy in force",0
56,"An account may be opened on behalf of a Minor by his/her natural guardian or by a guardian appointed by a court of competent jurisdiction. The guardian shall represent the Minor in all transactions of any 1 description in the above account until the said Minor attains majority. Upon the Minor attaining majority, the right of the guardian to operate the account shall cease.",0
57,The guardian agrees that the Minor's account will not be entitled to any overdraft or any borrowing facility whatsoever.,0
58,"If for any reason there is inadequate balance or the Minor's account is overdrawn, the Bank shall be entitled to dishonor any cheques drawn on the said account without being liable for any consequences arising there from.",0
59,The guardian agrees that on issue of ATM/Debit Card all the Terms and Conditions as applicable to ATM/Debit Card and its usage mentioned herein shall apply.,0
60,"The guardian agrees and acknowledges that the withdrawal by the Minor, including through use of ATM/Debit Card, attach no liability to the Minor personally on account of Minority. Accordingly, the whole of such liability is assumed by the guardian and shall be discharged by the guardian alone. The guardian shall be fully bound by all debits to the Minor's account including through use of ATM/Debit Cards.",0
61,"The guardian agrees that the Bank shall be entitled to debit any of his/her accounts to recover all charges, fees, interests, costs or any amounts overdrawn from the Minor's account.",0
62,"In the event any special facility such as life insurance cover for the guardian is offered in the Minor's account, the provision of clause 15.59.1 & 15.59.2 hereunder shall apply mutatis mutandis. The guardian agrees that the Bank may disclose in strict confidence to the insurance company any personal information for any purposes arising out of or in connection with such insurance cover.",0
63,"The guardian agrees to indemnify the Bank against all actions, claims, demands, proceedings, damages, losses, costs, charges and expenses whatsoever which the Bank may at any time incur, sustain, suffer or be put to as a consequence of or arising out of opening and operation of the Minor’s account including withdrawals/transactions through use of ATM/Debit Card and further against all and any claims of the Minor for any withdrawal/transactions made by the guardian in the Minor's account.",0
64,Disclaimer All supporting documents relating to claim must be submitted to the company within sixty (60) days from the date of loss and the claim should be within thirty (30) days from the date of Loss.,0
65,I agree to abide by the Bank's Terms and Conditions and rules in force and the changes thereto in Terms and Conditions from time to time relating to my account as communicated and made available on the Bank's website.,0
66,I agree that the opening and maintenance of the account is subject to rules and regulations introduced or amended from time to time by the Reserve Bank of India.,0
67,"I agree that the bank before opening any deposit account, will carry out a due diligence as required under Know Your Customer guidelines of the bank. I would be required to submit necessary documents or proofs, such as identity , address, photograph and any such information to meet with KYC, AML or other statutory/regulatory requirements.  Further, after the account is opened, in compliance with the extant regulatory guidelines, I agree to submit the above documents again at periodic intervals, as may be required by the Bank.",0
68,"I agree that the Bank may, at its discretion, engage the services of Business Facilitators (hereinafter referred to as ""BF"") and Business Correspondents (hereinafter referred to as ""BC"") for extension of banking and financial services so as to ensure greater financial inclusion and increasing the outreach of the banking sector. The Bank, however, shall be responsible for the acts and omission of such BC and BF.",0
69,"I agree that, under normal circumstances, the bank has the liberty to close my account at any time by giving me at least 30 days notice. However, if the Average Monthly/ Quarterly Balance, is not maintained, the Bank reserves the right to close my account without giving any prior notice.",1
70,"I agree that the Bank can at its sole discretion, amend any of the services/facilities given in my account either wholly or partially at any time by giving me at least 30 days notice and/or provide an option to me to switch to other services/facilities.",0
71,I agree that any change in my account status or change of address will be immediately informed to the Bank failing which I shall be responsible for any non-receipt of communication/deliverables or the same being delivered at my old address.,0
72,I agree that all instructions relating to my account will be issued to the Bank as per acceptable mode of communication to the Bank.,0
73,I agree to preserve my cheque book/ATM Card carefully. In case of loss/theft of the same I shall immediately inform the Bank in writing.,0
74,I agree that I will maintain the minimum balance in my account as prescribed by the Bank from time to time.,1
75,"I agree that I shall be liable to pay all charges, fees, interest, costs wherever applicable, which the Bank may levy with respect to my account or any transaction or services rendered and the same may be recovered by the Bank by a debit to my account. I agree and acknowledge that in case of non-availability of adequate funds the charges will be debited to the account over a period of time till the entire amount is recovered.",0
76,"The Bank reserves the right to refuse Chequebooks, Adhoc Statements, PhoneBanking TINs, NetBanking IPINs, Debit/ATM Cards & PINs to the customer, in case the Average Monthly/ Quarterly Balance in the account is not maintained.",0
77,I agree that I shall not pay any amount in cash to any Sales Representative of the Bank at the time of opening an account or carrying out any transaction in the normal course of the business. I agree to deposit cash only at the Bank's teller counters at the branch premises.,0
78,I agree to execute necessary writings in the form and manner as may be required by the Bank in order to execute my Fax instructions to the Bank.,0
79,I agree that the Bank will send me communications/letters etc. through courier/messenger/mail or through any other mode at its discretion and the Bank shall not be liable for any delay arising there from.,1
80,"I agree and acknowledge that in the absence of my specific instructions to personally collect from the Branch, the cheque books, PhoneBanking TINs, NetBanking IPINs, Debit/ATM Cards & PINs will be dispatched by courier/messenger/mail or through any other mode by the Bank at its discretion to the address notified by me for correspondence.",0
81,"I agree that the Bank will, unless requested by me in writing to the contrary, issue cheque book on the opening of my account. Further issue of cheque books will be only against written requisition by me or through ATM, PhoneBanking or NetBanking.",0
82,"I agree that an account may be opened on behalf of a Minor by his natural guardian or by a guardian appointed by a court of Competent Jurisdiction. The guardian shall represent the Minor in all transactions of any description in the above account until the said Minor attains majority. Upon the Minor attaining majority, the right of the guardian to operate the account shall cease. The guardian agrees to indemnify the Bank against the claim of above Minor for any withdrawal/transactions made by him in the Minor's account.",0
83,"I agree and undertake to ensure that there would be sufficient funds/cleared balance/pre-arranged credit facilities in my account for effecting transactions. I agree that the Bank shall not be liable for any consequences arising out of non-compliance by the Bank of my instructions due to inadequacy of funds and the Bank can at its sole discretion decide to carry out the instructions not withstanding the inadequacy of funds without prior approval from or notice to me and I shall be liable to repay with interest the resulting advance, overdraft or credit thereby created and all related charges arising thereby at prime lending rate applicable from time to time. I agree that frequent dishonor of cheques or high value cheque returns due to insufficient funds may lead to discontinuation of cheque books / closure of bank account.",0
84,"I agree that in the event of an account being overdrawn, the Bank reserves the right to set off this amount against any credit lying in any of my accounts.",0
85,I agree that the transactions conducted by me at the BC counters shall be reflected in the bank’s books latest by the next working day.,0
86,"I agree that the Bank shall not be liable for any damages, losses (direct or indirect) whatsoever, due to disruption or non availability of any of services/facilities due to technical fault/error or any failure in telecommunication network or any error in any software or hardware systems beyond the control of the Bank.",1
87,"I agree that the Bank may disclose, in strict confidence, to other institutions, such Personal Information as may be reasonably necessary for reasons inclusive of: For participation in any telecommunication or electronic clearing network In compliance with a legal directiveFor credit rating by recognized credit rating agencies For fraud prevention purposes To credit information bureaus.",0
88,"I give consent to the Bank to disclose information provided in the account opening form for the purpose of cross selling by HBL Global Ltd and any other marketing agent/s and/or contractors with whom the Bank enters, or has entered into any arrangement, in connection with providing of services/products, including without limitation, cross selling of various financial products. The Bank will have to always check before any cross-sell attempt whether or not I have registered for ‘Do Not Call’ facility.",0
89,"Disclosure of Information to CIBIL: I understand that as a pre-condition, relating to grant of the loans/ advances/ other fund-based and non-fund-based credit facilities to me, the Bank, requires my consent for the disclosure by the Bank of information and data relating to me, of the credit facility availed of/to be availed, by me, obligations assumed/ to be assumed, by me, in relation thereto and default, if any, committed by me, in discharge thereof. Accordingly, I, hereby agree and give consent for the disclosure by the Bank of all or any such, information and data relating to methe information or data relating to any credit facility availed of/ to be availed, by me, and default, if any, committed by me in discharge of my such obligation, as the Bank may deem appropriate and necessary, to disclose and furnish to Credit Information Bureau (India) Ltd. and any other agency authorised in this behalf by RBI.I, declare that the information and data furnished by me to the Bank are true and correct. I, undertake that: The Credit Information Bureau (India) Ltd. and any other agency so authorised may use, process the said information and data disclosed by the Bank in the manner as deemed fit by them; and The Credit Information Bureau (India) Ltd. and any other agency so authorised may furnish for consideration, the processed information and data or products thereof prepared by them, to banks/ financial institutions and other credit grantors or registered users, as may be specified by the Reserve Bank in this behalf.",0
90,"Force Majeure: The Bank shall not be liable if any transaction does not fructify or may not be completed or for any failure on part of the Bank to perform any of its obligations under these Terms and Conditions or those applicable specifically to its services/facilities if performance is prevented, hindered or delayed by a Force Majeure event (defined below) and in such case its obligations shall be suspended for so long as the Force Majeure event continues.""Force Majeure Event"" means any event due to any cause beyond the reasonable control of the Bank, including without limitations, unavailability of any communication systems, breach, or virus in the processes or payment or delivery mechanism, sabotage, fire, flood, explosion, acts of god, civil commotion, strikes or industrial action of any kind, riots, insurrection, war, acts of government, computer hacking, unauthorised access to computer data and storage devices, computer crashes, malfunctioning in the computer terminal or the systems getting affected by any malicious, destructive or corrupting code or program, mechanical or technical errors/failures or power shut down, faults or failures in telecommunication etc.",0
91,"Indemnity: I agree that I shall indemnify and hold the Bank harmless against all actions, claims, demands, proceedings, losses, damages, costs, charges and expenses whatsoever which the Bank may at any time incur, sustain, suffer or be put to as a consequence of or by reason of or arising out of providing any of the services or due to any negligence/mistake/misconduct on my part or breach or non-compliance by me of any of the Terms and Conditions relating to any of the services or by reason of the Bank in good faith taking or refusing to take action on any instruction given by me.",0
92,"Right of Lien/Set off: I hereby grant and confirm the existence of the right of lien and set-off with the Bank, which the Bank may at any time without prejudice to any of its specific rights under any other agreements with me, at its sole discretion and without notice to me utilize to appropriate any moneys belonging to me and lying/deposited with the Bank or due by the Bank to me, towards any of the Bank’s dues and outstandings under or in respect of a loan facility, including any charges/fees/dues payable under these Terms and Conditions..",0
93,Miscellaneous: Failure to enforce any rights conferred by these Terms and Conditions or any law shall not be deemed to be a waiver of any such rights or operate so as to the exercise or enforcement thereof at any subsequent time.,0
94,"Governing Law: All claims, matters and disputes are subject to the exclusive jurisdiction of the competent courts in Mumbai only. These Terms and Conditions and/or the operations in the accounts of the customer maintained by the Bank and/or the use of the services provided by the Bank shall be governed by the laws of the Republic of India and no other nation. The customer and the Bank agree to submit to the exclusive Jurisdiction of the Courts located in Mumbai, India as regards any claims or matters arising under these Terms and Conditions.The Bank accepts no liability whatsoever, direct or indirect, for non-compliance with the laws of any country other than the Republic of India.",0
95,"Should I have any complaint relating to the features of any of the products/services of the Bank that I hold/avail of, I am aware that I can approach the Grievance Redressal Cell within the Bank at  for a resolution and if I do not get a satisfactory response within 30 days of lodging the complaint, then, under the Banking Ombudsman Scheme 2006,I can approach the Ombudsman appointed by the Reserve Bank of India, in charge of the region where I hold my account, details of which are available at www.bankingombudsman.rbi.org.in",0
96,"In case there are no transactions initiated by me / us in the account for a continuous period of two years for Savings Account and Current Account (excludes system generated transactions like credit interest,debit interest), I / We agree that the account would be treated as a 'Dormant' Account by the Bank. I/We agree that the account status would change to 'Active' only on my/our ( all joint holders) written instruction in this regard and by initiating a transaction by me / us at the home branch. I/We understand that until the account status is 'Dormant', transactions through Direct Banking Channels like ATM, Net Banking, Phone-banking may not be allowed by the Bank.",0
97,"I/We agree that, in case I/we have issued single cheque/instruction, for debit to my/our account, for issuing more than one Demand Draft/Pay-order, then the same will reflect as multiple debit entries in my/our account",0
98,"Bank shall be entitled at its discretion to engage/avail of, at the risk and cost of the customer, services of any person/third party service provider/agent/agency, for anything required to be done for/in relation to/pursuant to any of the products/services offered, including collections, recovery of dues, enforcement of security, getting or verifying any information of the customer/assets, and any necessary or incidental lawful acts/deeds/matters and things connected thereto, as the Bank may deem fit.",0
99,"The Bank shall have the right to not return the application, the photographs, information and documents submitted by the customer. The Bank shall, without notice to or without any consent of the customer, be absolutely entitled and have full right, power and authority to make disclosure of any information relating to customer including personal information, details in relation to documents, products/services offered, defaults, security, obligations of customer, to the Credit Information Bureau of India (CIBIL) and/or any other governmental/regulatory/statutory or private agency/entity, credit bureau, RBI, the Bank?s other branches/subsidiaries/affiliates/rating agencies, service providers, other banks/financial institutions, any third parties, any assignees/potential assignees of transferees, who may need the information and may process the information, publish in such manner and through such medium as may be deemed necessary by the publisher/Bank/RBI, including publishing the name as part of willful defaulter?s list from time to time, as also use for KYC information verification, credit risk analysis, or for other related purposes. In this connection, the customer waives the privilege of privacy and privacy of contract. The Bank shall have the right, without notice to or without any consent of the customer, to approach, make enquiries, obtain information, from any person including other banks/finance entities/credit bureaus, customer?s employer/family members, any other person related to the customer, to obtain any information for assessing track record, credit risk, or for establishing contact with the customer or for the purpose of recovery of dues from the customer.",0
100,"In case any personal information or sensitive information is collected by the Bank, the same shall be dealt with in accordance with the privacy policy of the Bank which is available on the website of the Bank at www.hdfcbank.com.",0
101,Bank reserves the right to record telephonic conversations with customers for quality control purposes.,0
102,"Notwithstanding the documentation and account opening form provided, the bank reserves the right to accept / reject your application. The Bank's decision in this regard would be final.",0
103,"Any loans/facilities, other banking products, may be made available through the internet banking platform or any similar platform of the Bank (platforms through which the customer/borrower can access/monitor the account by use of the customer/log-in id and password) and the Bank may use such platform for providing the customers/borrowers the facility to complete online application as well as enter into/make the loan documents online. Every usage and operation of the internet banking or any such other platform using such customer id and password, including in cases of online loan processes from time to time, should be deemed to be usage and operation personally by the customer/borrower himself and in physically and mentally stable state nothwithstanding any loss, theft, hacking etc. of the password; and that the Bank shall not be required to check the identity of the person operating the internet banking account at any point of time or his mental or physical stability.",0
104,"Voluntary Consent for Aadhaar: ""I hereby submit voluntarily at my own discretion, my Aadhaar number as issued by Govt. of India, to HDFC Bank and voluntarily give my consent to open account with HDFC Bank in my individual capacity using my Aadhaar number and / or as an authorized signatory in non-individual accounts and; to use my Aadhaar details for authentication with UIDAI. The consent and purpose of collecting Aadhaar has been explained to me in local language. HDFC Bank has informed me that my information submitted to the bank herewith shall not be used for any purpose other than mentioned above, or as per requirements of law."" Voluntary Consent for Aadhaar Authentication: I hereby submit voluntarily at my own discretion my Aadhaar number issued by UIDAI, to HDFC Bank and voluntarily give my consent to use my Aadhaar number for e-KYC authentication with UIDAI as per Aadhaar Act, 2016; for the purpose of Account opening and Aadhaar linking and/or specified instructions on my HDFC Bank account in my individual capacity and / or as an authorized signatory in non-individual accounts. I, holder of the Aadhaar number, hereby voluntarily give my consent to HDFC Bank to obtain and use my Aadhaar number, Name and Fingerprint/Iris and my Aadhaar details for authentication with UIDAI as per Aadhaar Act, 2016 and all other applicable laws.HDFC Bank has informed me thatbasis the voluntary consent given by me while submitting my Aadhaar number to HDFC Bank, my Aadhaar details and identity information would only be used for e-KYC purpose, demographic authentication, validation, OTP authentication including; for availing banking services, operation of my accounts / relationships and for delivery of subsidies, benefits and services and / or any other facility relating to banking operations. HDFC Bank has informed that my biometrics will not be stored / shared and; will be submitted to Central Identities Data Repository (CIDR) only for the purpose of authentication. HDFC Bank has informed me that this consent given by me voluntarily and my Aadhaar number will be stored along with my account details within the bank. I have been explained about the nature of information that may be shared upon authentication. I also authorize HDFC Bank to link and authenticate my Aadhaar number to all my accounts / relationships with the Bank as may be opened in future.I have been given to understand that my information submitted to the bank herewith shall not be used for any purpose other than mentioned above, or as per requirements of law. I hereby declare that all the information voluntarily furnished by me is true, correct and complete. I will not hold HDFC Bank or any of its officials responsible in case of any incorrect information provided by me.The above consent given by me voluntarily and purpose of collecting Aadhaar has been explained to me in my local languag Voluntary Consent for Aadhaar in Regional Languages",0
105,"In the event of non-maintenance of minimum balance, the bank will notify the customer by SMS/e-mail/ letter etc. that in case the minimum balance is not restored in the account in the subsequent month, non-maintenance of minimum balance, charges will be applicable till such time the minimum balance is restored.The Bank will notify the customer in the initial month only in case of non-maintenance of minimum balance and no further intimation will be given in consecutive months if minimum balance is not maintained. It will be the responsibility of the customer to ensure that his valid e-mail ID, mobile number and address is  updated with the Bank at all times, failing which,customer may not receive the notification(s).",0
106,FEES:I agree that all fees/taxes/surcharges/service charges and all other levies related to the ATM usable Card may be recovered by the Bank by debit to my /our account.,0
107,"TRANSACTIONS RESPONSIBILITY: I will be responsible for all types of transactions processed by use of my ATM usable Card, whether or not processed with my knowledge or authority, express or implied. I shall accept the Bank's record of transactions as conclusive and binding for all purposes.",0
108,"CASH WITHDRAWAL LIMITS:I will be allowed to withdraw through the ATM, the available balance in my account or a stipulated predefined limit per day, whichever is lower. This per day limit will be determined by the Bank and may be changed at any time at the Bank's sole discretion without notice to me. I agree that cash withdrawals will be subject to tax as applicable from time to time.",0
109,"OVERDRAWN ACCOUNTS:I agree not to attempt to overdraw cash from the ATM unless sufficient funds are available in my account for effecting the transactions. The onus of ensuring adequate account balances is entirely on me. In case my account gets overdrawn due to cash withdrawal from the ATM, I agree to rectify the account balance position immediately. In case my /our account gets overdrawn, the Bank may levy interest at prime lending rate applicable from time to time and the same shall be charged on the debit balance on my account.",0
110,"DEPOSITS/WITHDRAWALS/OTHER TRANSACTIONS: I agree that a receipt will be produced by the ATM for all cash/cheque deposits/withdrawals/other transactions and that no separate receipt will be issued by the Bank. The amount of deposit will be verified by the Bank's staff / authorised representative, and this verified amount shall be deemed to be the correct amount and binding on me conclusively. I shall not deposit any cash in a Cheque Drop Box nor deposit any cash / cheque in a Drop Box meant for collecting other documents / payments. I agree and acknowledge that in case I deposit any cash / cheque in the wrong Drop Box then the Bank shall not be liable for the same. I acknowledge that no receipt will be issued for any cheque deposits in the Drop Box. I understand that the Bank will process the cheque deposited in the ATM machine or Cheque Drop Box on the basis of the information provided by me in the Pay-in slip duly filled by me, The Bank will not be held responsible for any non-credits/wrong credits due to incorrect information provided by me in this regards. I shall hold the Bank harmless for any consequences arising thereof.",0
111,"PIN: To enable me to use the Card at ATMs, a Personal Identification Number (PIN) will be issued to me. The PIN shall be mailed to me and I will ensure that the same is received in a sealed envelope. The PIN may subsequently, be changed by me, at my own risk, at an ATM. The security of the PIN is very important and that I must keep it confidential and not reveal to any third party. If I fail to observe these security requirements, I shall be responsible and liable for any consequences arising there from.",0
112,VALIDITY OF CARD:I agree that the ATM usable Card at all times is the Bank's property. The validity period of the ATM usable Card will be mentioned on the face of the Card. I agree to surrender the Card to the Bank in case of account closure or whenever demanded by the Bank for any reason whatsoever.,0
113,"LOST CARD:In case my ATM usable Card is misplaced, stolen or otherwise lost, I agree to immediately report the event in writing to the Bank/call up PhoneBanking. The Bank shall not be liable for any loss by the misuse of the Card prior to the Card being reported as lost/ stolen by me.",0
114,SECURITY OF CARD:I agree that the Card will be dispatched to the address on record with the Bank. I agree to keep ATM usable Card in Safe custody and agree not to hand over the Card to anyone including anyone who claims to represent the Bank. I understand that the Bank shall not be responsible for any misuse of the Card by virtue of the same falling into wrong hands prior to the Card being reported as lost/stolen by me.,0
115,"WRONG ENTRIES TO ACCOUNT DUE TO ATM TRANSACTIONS:In case I notice that a wrong entry has been debited to my account for ATM transactions done by me, I would immediately raise the issue with the branch where my account is maintained (Account Branch). I understand that the Bank will investigate and revert to me with its findings and decision of the Bank shall be final and binding on me.",1
116,AUDIT TRAIL TO BE FINAL AND CONCLUSIVE IN CASE OF ANY DISPUTE:I agree that in case of any dispute the Bank will be using the Audit Trail of the ATM (either in a Printed/non-editable Electronic Form) as the final and conclusive evidence in all disputes. I agree to abide by the recordings of the Audit Trail.,0
117,"In case, I receive a mutilated/ torn/cut currency note(s) from the ATM, I will visit the account branch and exchange the note(s) by submitting a letter and the transaction slip and confirming that I transacted at the ATM. I accept that any other form of claim will not be entertained by the Bank.",0
118,"In case the Bank finds a Forged / Mutilated / Torn Note in the Deposit that I make through the ATM / Teller counter then the Bank will not give me the Credit corresponding to the value of the Forged / Mutilated / Torn Note. I understand that the Bank will also not give me the Forged Note back. However, based on my written request, the Bank will return the Mutilated / Torn Note back to me. The Bank will also comply with all the requirements/ guidelines on reporting to authorities as per the guidelines issued by Reserve Bank of India.",0
119,I agree and accept the services as provided by the Bank at my request to carry out my bill payments by PhoneBanking/ATM/NetBanking on my account as given by me from time to time.,0
120,I agree to provide my correct identification details as registered with the billing company. I agree to indemnify the Bank from any liability due to erroneous/incomplete information given by me in this regard.,0
121,"I agree that in case of any change in my identification details, it is my sole responsibility to communicate these changes as registered with the billing company to the Bank immediately.",0
122,I agree that this facility will be available to me subject to and upon receipt of the billing company's confirmation as to the details furnished by me.,0
123,I have no objections whatsoever to the billing company providing my billing details to the Bank.,1
124,"I agree that all billing and payment details will be prepared by electronic means and the information contained therein will be extracted from the computerized system maintained by the billing company and the Bank respectively. The Bank is not liable for any error in the statement as provided by billing company and I shall always hold the Bank harmless against any losses, damages etc. that may be incurred or suffered by me if the information contained is inaccurate/incorrect/incomplete.",0
125,I agree that any disputes on bill details will be settled directly by me with the billing company and the Bank's responsibility is limited to provision of information only.,0
126,I agree to pay the exact amount due as per the billing company's bill before the expiry of due date thereof and failing which I hold the Bank harmless against the consequences thereof including in particular the non-payment of bill amount.,0
127,I unconditionally agree that I shall not hold the Bank liable for :,0
128,such transactions that are carried out on my instructions by the Bank in good faith.,0
129,"not carrying out such instructions where the Bank has reason to believe (which decision of the Bank I shall not question/dispute) that the instructions are not genuine or are otherwise unclear, improper, vague or doubtful.",0
130,accepting instructions given by any one of us in case of joint accounts.,0
131,"for any loss or damage incurred or suffered by me due to any error, defect, failure or interruption in the provision of bill payment services arising from or caused by any reason whatsoever.",0
132,I agree that the record of instructions given and transactions with the Bank shall be conclusive proof and binding for all purposes and can be used as evidence in any proceedings.,0
133,"I agree that all transactions other than those executed instantaneously by the Bank, that is those requiring processing by the Bank/Billing company will be carried out only during business hours and the value dates if any, will follow the operating hours /days decided by the Bank /billing company.",0
134,I agree to give the Bank 15 days notice in writing and obtain an acknowledgment thereof in order to terminate the Bill Payments facility availed by me.,0
135,"I agree that all the conditions applicable to ATM Services, PhoneBanking Services, NetBanking Services are binding on me in this regard.",0
136,"Definitions : In these Terms and Conditions, the following terms shall have the following meanings: ""Alerts"" or ""Facility"" or ""Alerts Facility"" mean the customized messages based on Triggers, sent as Short Messaging Service (""SMS"") over mobile phone or as message via Email to the Customer; ""Account"" means any Savings/Current Account of the Customer with the Bank; ""Bank"" means any branch in India of HDFC Bank Ltd in which the Customer's Account is maintained; ""Customer"" means the person who holds an Account with the Bank; ""Triggers"" means the customized instructions to be set or placed by the Customer or by the Bank with the Bank & its systems, with respect to specific events/transactions relating to his Account to enable the Bank to send the corresponding Alerts to the Customer. ""CSP"" means the cellular service provider through whom the Customer or the Bank receives the mobile services.",0
137,I have requested for this facility which the Bank at its sole discretion may discontinue at any time with the Bank providing a prior intimation on a best-effort basis through its website or any legally recognised medium of communication. The Facility is currently available to resident customers through SMS on mobile phone and E-mail.,0
138,The Alerts would be generated by the Bank and will be sent to me on the mobile number provided by me and the delivery of the alert would be entirely based on the service availability of the service provider and connectivity with other cellular circles of the CSPs or in circles forming part of the roaming GSM network agreement between such CSPs. I agree and understand that the Alerts being dependent on various issues including connectivity the Bank cannot assure final and timely delivery of the alerts.,0
139,The alerts are dependent on various issues including connectivity if I am within the cellular circles of the CSPs or in circles forming part of the roaming GSM network agreement between such CSPs.,0
140,A mobile phone/email trigger may not be received by me or sent by the Bank if the account operations have been suspended for any reasons whatsoever.,0
141,I assume full responsibility for the security and confidentiality of my Mobile Phone/mobile phone number and mobile phone identification number to be used in initially gaining access to my account(s) through the use of my mobile phone.,1
142,"To receive Alerts, I may select and set all or any of the Triggers available under this facility by submission of the duly completed Registration form at any of the Bank branches/locations. The form could also be downloaded/submitted electronically through the Bank's website www.hdfcbank.com subject to the introduction of the facility or format on the website. I can also register Online through HDFC Bank NetBanking. Alerts shall be sent to my mobile phone number and/or the E-mail ID registered with the Bank.",0
143,I am duty bound to acquaint myself with the detailed process for using the facility and the Bank is not responsible for any error/ omissions by me in setting the Triggers.,0
144,I am duty bound to acquaint myself with the detailed process for using the facility and the Bank is not responsible for any error/ omissions by me in setting the Triggers.,0
145,"I acknowledge that the Alerts will be implemented in a phased manner and the Bank may at a later stage, as and when feasible, add more Triggers or Alerts. The Bank may, at its discretion, from time to time change the features of any Trigger or Alert. I will be solely responsible for keeping myself updated of the available Triggers or Alerts, which shall, on best-effort basis, be notified by the Bank through its website or through any legally recognized medium of communication. I may, from time to time, alter or add to the Triggers selected by me by prior written intimation to the Bank by an acceptable mode of communication.",0
146,The Bank is not bound to acknowledge the receipt of any request / forms given by me for setting triggers nor shall the Bank be held responsible to verify the requests / forms or Triggers. The Bank shall endeavor to provide Triggers and Alerts on a best effort basis and wherever operationally possible for the Bank.,0
147,"The Bank may, in its discretion, not give effect to any Triggers if the Bank has reason to believe (which decision of the Bank shall be binding on me) that the Triggers are not genuine or otherwise improper or unclear or raises any doubt or in case any Triggers cannot be put into effect for any reasons whatsoever.",0
148,I am solely responsible for intimating in writing to the Bank any change in my mobile phone number or e-mail address or account details and the Bank will not be liable for sending Alerts or other information over my mobile phone number/e-mail address recorded with the Bank.,0
149,"I acknowledge that to receive Alerts, my mobile phone must be in an “on” mode. If my mobile phone is kept “off” for a specified period from the time of delivery of an Alert message by the Bank, that particular message may not be received by me.",0
150,"Triggers will be activated by the Bank within 7 working days after receipt of the form as provided by me. Initially, the alerts provided by the Bank on the mobile and/or the e-mail on any particular day, will have a certain time lag and accordingly the alerts being received are based on data available with the Bank with a certain time lag and may not represent data available on date of receipt. Select Alerts will be sent based on data updated as of the preceding working day. I also acknowledge that reasonable time may be taken for data processing for the purpose of sending Alerts on working days of the Bank.",0
151,"I acknowledge that the Facility is dependent on the infrastructure, connectivity and services provided by the CSPs within India. I accept that timeliness, accuracy and readability of Alerts sent by the Bank will depend on factors affecting the CSPs and other service providers. The Bank shall not be liable for non-delivery or delayed delivery of Alerts, error, loss or distortion in transmission of Alerts to me.",0
152,The Bank shall endeavour to provide the Facility on a best effort basis and I shall not hold the Bank responsible / liable for non-availability of the Facility or non-performance by any CSPs or other service providers or any loss or damage caused to me as a result of use of the Facility (including relying on the Alerts for my investment or business or any other purposes) for causes which are not attributable to / and are beyond the control of the Bank. The Bank shall not be held liable in any manner to me in connection with the use of the Facility.,0
153,"I accept that each Alert may contain certain account information relating to me. I authorize the Bank to send account related information, though not specifically requested, if the Bank deems that the same is relevant.",0
154,"The Bank may, in its discretion, withdraw temporarily or terminate the Facility, either wholly or in part, at any time with a notice period of 30 days. The Bank may, without prior notice, suspend temporarily the Facility at any time during which any maintenance work or repair is required to be carried out or in case of any emergency or for security reasons, which require the temporary suspension of the facility.",0
155,"Notwithstanding the terms laid down in clause 12.5.1 above, either I or the Bank may, for any reason whatsoever, terminate this facility at any time upon prior written notice. Liabilities incurred by me shall, however survive the termination of this facility.",0
156,"I shall be liable to pay to the Bank such fees as may be applicable from time to time. I shall be liable for payment of such airtime or other charges, which may be levied by the CSP in connection with the receiving of the Alerts, which may be levied by the CSP as per the Terms and Conditions of the CSP, and the Bank is in no way concerned with the same.",0
157,"Unless otherwise expressly waived by the Bank, I shall pay the Bank, its standard fees and charges for the use of the facility. In this connection, the Bank is hereby authorised by me to debit any of my account with the Bank from time to time.",0
158,"The Bank will not be liable for: any unauthorised use of my account number or mobile phone number /instrument or unauthorised access to e-mails received at my notified email address for any fraudulent, duplicate or erroneous instructions /Triggers given by use of the same acting in good faith on any instructions/Triggers received by the Bank delay or inability of the Bank to act on all or any of the instructions /Triggers for reasons beyond the control of the Bank loss of any information/instructions /Alerts in transmission unauthorized access by any other person or any information /instructions /Triggers given by me or breach of confidentiality.",0
159,The Bank shall not be concerned with any dispute that may arise between me and the CSP and makes no representation or gives no warranty with respect to the quality of the service provided by the CSP or guarantee for timely delivery or accuracy of the contents of each Alert.,0
160,"Incase of a cheque deposit, though the alert will be sent to me on deposit of the cheque into the account, I am aware that the clear funds will be available to me only on clearing of the cheque. I am made aware by the Bank that as per the process of clearing, the credits may be reversed or may not fructify, including due to late returns. I shall issue cheque or any debit instructions only after confirming the available balance in the account is sufficient for effecting the transaction.",0
161,The Alerts represent particular transaction and it is not an indicator of available credit balance in the account.,0
162,Disclosure : I accept that all information /Instructions /Triggers will be transmitted to and /or stored at various locations and be accessed by personnel of the Bank (and its affiliates/agents). The Bank is authorised to provide any information or details relating to me or my account to the CSPs or any service providers so far as is necessary to give effect to any instructions/ Triggers.,0
163,"Liability and Indemnity : I shall indemnify and keep the Bank free and harmless from and against all liabilities, losses, claims and damages arising from negligence, fraud, collusion or violation of the terms herein on my part and/or a third party provided there is no gross negligence on the part of the Bank.",0
164,"""NetBanking Terms and Conditions"" shall mean the Terms and Conditions as modified from time to time applicable to NetBanking offered by the Bank.",0
165,"""Confidential Information"" refers to information obtained by the Customer, through the Bank, for availing various Services through NetBanking.",0
166,"""Payment Instruction"" shall mean an instruction given by a Customer to transfer funds from the Account held by the Customer to different account(s) held by other approved Customers within the Bank or with any other Bank in India (select cities) and /or request to issue Demand Drafts (DD) in the name of the beneficiary who may or may not have an account with the Bank or to make payments of the nature of bill payments, Credit Card payments, Visa CardPay and such payments of similar nature. The Bank may in its sole and exclusive discretion confine this facility only to certain permitted Customers or may extend it from time to time to be generally available to all Customers.",0
167,"INTERNET refers to the network of computers / mobile phones / other electronic devices which share and exchange information. The Internet is a worldwide broadcasting capability, mechanism for information dissemination, and a medium for collaboration and interaction between individuals and their computers / mobile phones / other electronic devices capable of accessing the Internet without regard for geographic location.",0
168,"NETBANKING SERVICES is the Bank's Service (including all modifications of such services) which provides access to account information, products and other services (Including transactions of non-financial and financial in nature) as advised by the Bank from time to time to the customers through the website of the Bank. NetBanking Services also include the services for Demat account, Credit Cards and loan on the website of the Bank . The terms NetBanking and NetBanking Services/facility may be interchangeably used.",0
169,CUSTOMER refers to any person who has a Bank Account and/or a Demat Account and/or a Credit Card account and/or a loan account who has been authorised by the Bank to avail of the said facility.  Customer Identification Number (Cust id) is a system generated but random Unique Identification Number that is given to each customer of the Bank. IPIN is the Password that the customer needs to use along with the Cust id in order to do his NetBanking transactions.,0
170,ACCOUNT refers to the Customer's Savings and/or Current Account and/or Credit Card account and/or loan accounts and/or Fixed Deposit or Demat Account opened in NSDL or CDSL or any other type of account so designated by the Bank to be eligible account(s) for operations through the use of NetBanking.,0
171,PERSONAL INFORMATION refers to the information about the customer obtained in connection with NetBanking/any other Banking relationship with the Bank.,0
172,NETBANKING SERVICES will be available to the customers upon opening of account with the bank without requiring completion of any formalities for activation of such service. The customer hereby agrees that the terms and conditions for net banking shall be applicable in addition to the applicable terms of account opening.,0
173,"SOFTWARE: The Bank will advise from time to time the Internet Software such as Browsers, which are required for using NetBanking. There will be no obligation on the Bank to support all the versions of this Internet Software. I agree that I shall be responsible for upgrading my software, hardware and the operating system at my cost from time to time so as to be compatible with that of the Bank. The Bank shall be at liberty to change, vary or upgrade its software, hardware, operating systems, etc., from time to time and shall be under no obligation to support the software, hardware, operating systems used by me and that the same shall be my sole responsibility.",0
174,"NETBANKING SERVICE: The Bank shall endeavor to provide through NetBanking, such services as the Bank may decide from time to time. The Bank reserves the right to decide the type of services that may be offered on each account and may differ from customer to customer. These facilities shall be offered in a phased manner at the discretion of the Bank. The Bank may also make additions / deletions to the services offered through NetBanking at its sole discretion. The availability / non-availability of a particular service shall be advised through e-mail or SMS or website of the Bank or through written communication. All accounts opened with the Bank attached to the same Cust id will be accessible through NetBanking. In case of Joint accounts and accounts with two or more signatories, the Bank will offer such services as restricted by the Terms and Conditions governing the operation of such accounts. In case of Minor accounts, the natural guardian undertakes to give all instructions relating to the operation of the account and further undertakes not to reveal the Cust id and IPIN to the Minor. The Bank shall take reasonable care to ensure the security of and prevent unauthorized access to the NetBanking Service using technology reasonably available to the Bank.",0
175,"OTHER HOLDERS OF DEMAT ACCOUNT refers to such holders other than the first named holder of the Demat Account. The NetBanking Services of the Bank for Demat Account is available to a customer who has a Demat Account and a Bank Account in his name (i.e. the first holder of the Demat Account and the Bank Account to be same). The Bank reserves its rights to consider any deviation to the above at it sole discretion. The Demat Account will be attached to the Cust id and will be accessible through NetBanking. Wherever the Demat Account is jointly held by the Customer, the Bank will construe that the other holders of the Demat Account have authorized the first holder to either query on the account or initiate transaction on the account and it will be binding on them. Due to the fact that the Bank receives Demat Information from NSDL and CDSL , it is important to check the current position with your respective branch. All information coming from NSDL / CDSL is provided on 'as is' basis without warranty of the kind. The Bank makes no representation and disclaims all express, implied and statutory warranties of any kind to the user and/or any third party including warranties as to accuracy, timeliness, completeness, merchantability or fitness of the information for any particular purpose.",0
176,"NETBANKING ACCESS:  I understand that the Bank would allot me a Cust id and IPIN in the first instance. I will be required to change the IPIN assigned by the Bank on accessing NetBanking for the first time and thereafter at certain intervals. As a safety measure, the Bank may ask me to change my IPIN on a compulsory basis. I agree that in the absence of any specific request from me for personally collecting the IPIN, the IPIN shall be sent to me by courier at my risk and consequences to the address notified by me for correspondence. In addition to Cust id and IPIN the Bank may, at its discretion, require me to adopt such other means of authentication including but not limited to digital certification and / or Smart Cards and/or Two Factor Authentication like Public or Private Keys / Risk Engine / Challenge Questions. I agree that I shall not attempt or permit others to attempt accessing the account information stored in the computers of the Bank through any means other than the NetBanking Service. I am aware that the transaction through NetBanking can be effected by concurrent use of Cust id and IPIN.",0
177,"IPIN :  I understand and agree that I must:  Keep the IPIN totally confidential and not reveal the IPIN to any third party. Choose an IPIN which shall be at least of 6 characters long or such minimum number as may be specified by the Bank from time to time and shall consist of a mix of alphabets, numbers and special characters which must not relate to any readily accessible personal data such as my name, address, telephone number, driver license etc. or easily guessable combination of letters and number; Commit the IPIN to memory and not record them in a written or electronic form; Not allow any unauthorized person have access to my computer or leave the computer unattended while accessing NetBanking; I agree that in case I forget the IPIN, I can request for change of the IPIN. Such replacement shall not be construed / deemed as the commencement of a new contract.",0
178,CHARGES:I authorize the Bank to recover all charges related to NetBanking as determined by the Bank from time to time by debiting my account. The schedule of charges would be applicable as mentioned on the website.,0
179,MAILING ADDRESS:All correspondence / delivery by the Bank shall only be at the address and / or e-mail address as registered with the Bank.,0
180,"TRANSACTION PROCESSING: All the instructions for instantaneous transactions will be given effect to instantaneously unless and until some processing work or Maintenance activity is being done. In case the services are not available during the End of the Day processing then the transaction will get credit on the next day. All the requests for non-instantaneous transactions such as Demand Draft Request, Fixed Deposit Opening etc received after 10pm will be carried out at the next working day on first in first out basis subject to availability of clear funds in the account authorised for debit . Similarly requests for on-line Financial transactions like Fund Transfer , Third Party Fund Transfer , Credit Card payments and other such payments received after 10pm will be carried out at the next working day on first in first out basis subject to availability of clear funds in the account authorised for debit . In case instructions for effecting any transactions are received on weekly offs/holidays/public holidays, they shall be effected on the immediately succeeding working day on the Terms and Conditions prevailing on that day.I shall not hold the Bank responsible for not processing/effecting any transactions in case the Bank does not receive instruction to this effect even though I have forwarded the same electronically, i.e. by means of e-mails and short messaging services (SMS). In the event of any dispute on the actual communication made to the Bank , the records of the Bank shall be final and binding on me . I hereby agree to abide by the following Terms and Conditions in addition to the Terms and Conditions as applicable to NetBanking: I shall be at liberty to utilise the Payment Instruction Services through NetBanking for transfer of funds for such purpose, as I shall deem fit; I have the full right and/or authority to access and avail of the services obtained and the goods purchased and I shall observe and comply with the applicable laws and regulations in each jurisdiction in applicable territories. I shall not involve the Bank as a party to such transaction. I shall provide the Bank with such information and/or assistance as is required by the Bank for the performance of the Services and/or any other obligations of the Bank herein. I shall not at any time provide to any person, with any of my details held by me with the Bank, including Customer ID, IPIN, account number, Card details, PIN/TIM m-PIN which may be assigned to me by the Bank from time to time.I agree that the Bank shall be entitled to presume that all instructions received by the Bank by using my Cust id and IPIN are in order / genuine and have been actually given by me and I shall be bound by the same conclusively.",0
181,Risks:I hereby acknowledge that I am availing the Payment Instruction Services at my own risk.,1
182,"Misuse of Cust id and IPIN: I acknowledge that if any third person obtains access to my Cust id and IPIN, such third person would be able to provide Payment Instructions / other instructions to the Bank. I shall ensure that the Terms and Conditions applicable to the use of the Cust id and IPIN as contained herein are complied with at all times. Internet Frauds:The Internet per se is susceptible to a number of frauds, misuse, hacking and other actions that could affect Payment Instructions / other instructions to the Bank. Whilst the Bank shall aim to provide security to prevent the same, there cannot be any guarantee from such Internet frauds, hacking and other actions that could affect Payment Instructions / other instructions to the Bank including result in delay or failure in processing the instructions. I shall separately evolve/ evaluate all risks arising out of the same and the Bank shall not be responsible for the same. I understand that doing a NetBanking transaction at a Cybercafe/shared computer terminal is risky and I shall not use the services of a cybercafe/shared computer terminal to do any NetBanking transactions. Mistakes and Errors: The filling in of applicable data for transfer of funds and/or issue of Demand Drafts would require proper, accurate and complete details. For instance, I am aware that: I would be required to fill in the correct account number of the person to whom the funds are to be transferred; I would be required to fill in the correct Credit Card number while making Credit Card payments I would be required to fill in the correct details such as the name of the payee (who may or may not have an account with the Bank), mailing address, amount of the Demand Draft and the city/state where the Demand Draft is payable. In the event of any inaccuracy in this regard, the funds could be transferred to incorrect accounts or the Demand Draft maybe incorrectly issued or sent to a wrong address and there is no guarantee of recovery of the same thereafter. I shall therefore take all care to ensure that there are no mistakes and errors and that the information given by me to the Bank in this regard is error free, accurate, proper and complete at all points of time. I indemnify the Bank from any loss due to an error on my part. On the other hand in the event of my account receiving an incorrect credit by reason of a mistake committed by some other person, the Bank shall be entitled to reverse the incorrect credit at any time whatsoever without my consent. I shall be liable and responsible to the Bank and accede to accept the Bank's instructions without questions for any unfair or unjust gain obtained by me as a result of the same. Transactions: The transactions, which may require, the transfer of the funds or issue of Demand Draft may not fructify or may not be completed by the parties to whom I request the Bank to transfer the funds or issue of Demand Draft. The Bank is not in any manner involved in the said transactions and contracts and my sole recourse in this regard shall be with the party with whom I have the transactions. The Bank is merely providing me services whereby the said funds would be transferred on my instructions. Technology Risks: The technology for enabling the transfer of funds and the other services offered by the Bank could be affected by virus or other malicious, destructive or corrupting code, programme or macro. It may also be possible that the site of the Bank may require maintenance and during such time it may not be possible to process the request of the customers. This could result in delays in the processing of instructions or failure in the processing of instructions. I understand that the Bank disclaims all and any liability, whether direct or indirect, whether arising out of loss or profit or otherwise arising out of any failure or inability by the Bank to honour any customer instruction for whatsoever reason.",1
183,"Limits: I am aware that the Bank may from time to time impose maximum and minimum limits including daily limits on transfer of funds that may be transferred or amount of the Demand Draft that can be issued by virtue of the payment instructions given hereunder. I acknowledge that the same is to reduce the risks on me. For instance, the Bank may impose transaction restrictions within particular periods or amount restrictions within a particular period or even each transaction limits. I shall be bound by such limits imposed and shall strictly comply with them. The Bank shall put an appropriate message on the concerned page or the website.",0
184,Indemnity:I shall indemnify the Bank from and against all losses and damages that may be caused as a consequence of breach of any of the Terms and Conditions mentioned herein above.,0
185,"The Bank's sole obligation and my sole and exclusive remedy in the event of interruption to the NetBanking services or loss of use and/or access to the Bank's website shall be to use all reasonable endeavour to restore the services and/or access as soon as reasonably possible. The Bank makes no express or implied warranty with respect to the NetBanking services provided hereunder including without limitations any warranties of uninterrupted/error-free performance of the NetBanking System, non-infringement of third party rights, title ,merchantability, satisfactory quality and/or fitness for a particular purpose.",0
186,"Liability:  I shall not be liable for any unauthorized transactions occurring through the use of NetBanking, which can be attributed to the fraudulent or negligent conduct of the employees of the Bank. If I comply with the Terms and Conditions and advise the Bank in writing under acknowledgment immediately after I suspect that my Cust id and IPIN is known to another person and/or notice an unauthorized transaction in my NetBanking account, I shall not be liable for losses arising out of the unauthorized transactions occurring in the NetBanking accounts after the receipt of such advice by the Bank. I agree that I shall be liable for some or all loss from unauthorized transactions in my accounts if I have breached the Terms or contributed or caused the loss by negligent actions such as the following: Keeping a written or electronic record of Cust id and IPIN; Disclosing or failing to take all reasonable steps to prevent disclosure of the NetBanking IPIN to anyone including Bank staff and/or failing to advise the Bank of such disclosure within reasonable time; Not advising the Bank in a reasonable time about unauthorized access to or erroneous transactions in my accounts.",0
187,Secure Access:,0
188,Secure Banking service (“said service”) is available for all the customers who are registered for NetBanking under the Third Party Transfer Module (TPT Module) only.,0
189,The following is the list of transactions that are being covered by the TPT Module. Transfer of funds to any other HDFC Bank account Transfer of funds to any other Bank (under NEFT/ RTGS) Transfer of funds using the Visa CardPay Module Third Party Demand Draft I agree that the Bank reserves the right to add / withdraw any of the above transactions under the TPT Module,0
190,I agree that the Bank reserves the right to withdraw TPT services in case of non usage from a customer over a period of time. I also understand that withdrawal / Cancellation of TPT service automatically cancels the Secure Banking Service.,0
191,I agree that the registration for the said Service is possible only through NetBanking and there are no other avenues for registration of the same. I can only register for this service by logging on to NetBanking with his login credentials.,0
192,I agree that the details entered at the time of registration is known only to me and no one else is privy to that data. I agree that I should not share this with anyone nor write it down.,0
193,"I understand that there could be instances beyond the control of the Bank and the on line registration process remains incomplete. In such cases, I have to restart the online registration and complete the same. The Bank shall not be liable for any claims, damages arising out of the incomplete online registration.",0
194,I agree that it is my responsibility to ensure that the data that I enter at the time of registration is kept confidential. The Bank does not take any liability arising out of disclosure of this information at the customer end.,0
195,"While this facility is currently free of cost, I agree that the Bank may at its discretion decide to charge for this service at a later date, and the said charges shall be communicated to me through appropriate mediums.",0
196,"I agree that in case of wrong validation the Bank reserves the right to disable the Third Party Transfer facilities. In such case, I will have to once again apply for TPT facilities by filling up a form and submitting the same at a branch.",0
197,I understand that there are four parts to registration for Secure Banking Service which are mandatory Selection of a Picture Selection of a Message Entering Answers to the questions asked,0
198,"I understand that the registered telephone numbers with the Bank will not be replaced with any new numbers of the customers during the registration for Secure Access. Incase of change of the said registered numbers, the same can be done by submitting an application to any of HDFC Bank Branch for change of registered number.",0
199,"I understand that the Bank may ask questions to its customer before the completion of a transaction as additional verification checks. I need to input the answers to those questions which I have given at the time of registration. I agree that, in case of wrong entry of the answers for the questions asked, the Bank may at its discretion dis-continue with the transaction.",0
200,"Similarly, I agree that Bank may decide to call me in order to validate a transaction, in case I do not answer the call, the Bank shall at its discretion disallow that transaction.",1
201,"I agree that in case of change of contact number/s, it is my responsibility to update the same to continue to avail the said Service and TPT.",0
202,I understand that the calls made to me will be in English language.,1
203,I understand that the Bank reserves the right to withdraw the said service by giving to me at least 30 days notice under normal circumstances.,0
204,I understand that the Bank may at its discretion form time to time introduce additional services under the Secure Banking umbrella to make NetBanking more secure.,0
205,I understand that the Bank may allow to clear the transactions even in case the Secure Banking services are not available and there would be no authentications for the same. The Bank makes it clear that this will be done only from view of customer convenience and Bank is not liable in case password has been compromised. It is recommended that I need to get my PCs/laptops scanned on a regular basis and to be updated with the latest anti virus software available and I agree that the Bank shall not be held responsible for any data loss or identity theft due to a malware on the PC used by the customer.,0
206,I understand that the Bank shall be bound to share the information provided by the customers if required by the Government bodies and Quasi Government bodies or judicial bodies based on authorized requests.,1
207,"I understand that the Bank reserves the right at anytime, without prior notice to add, alter, modify, change or vary all or any of these Terms and Conditions or to replace wholly or in part, the above offer by another offer whether similar to above or not, or to withdraw it altogether.",0
208,I understand that the method / process adopted for providing the said service is the Bank's prerogative and the same will not be shared with any third party or any customer.,0
209,I agree that the said service is aimed at providing transaction security for Third Party transactions done by me. I agree that the Site Picture and the Phrase is aimed at building customer confidence.,0
210,I agree that the Bank reserves the right to disable the customer’s TPT rights / Secure Banking Service for reasons other then those mentioned above.,0
211,"I agree that the Bank is not responsible for, or liable for, any actions, claims, demands, losses, damages, costs, charges and expenses that a customer may suffer, sustain or incur.",1
212,"Proprietory Rights:I acknowledge that the software and hardware underlying the NetBanking Service as well as other Internet related software which are required for accessing NetBanking are the legal property of the respective Vendors/Bank. The permission given by the Bank to access NetBanking will not convey any proprietary or ownership rights in the above software / hardware. I agree that I shall not attempt to modify, translate, disassemble, decompile or reverse engineer the software / hardware underlying NetBanking or create any derivative product based on the software / hardware.",0
213,Termination of NetBanking Service:  I may request for termination of the NetBanking Services any time by giving a written notice of at least 15 days to the Bank. I agree that I will remain responsible for any transactions made on my account(s) through NetBanking prior to the time of such cancellation of the NetBanking Service. The closure of all my accounts will automatically terminate the NetBanking Service. The Bank may suspend or terminate NetBanking Services either wholly or partially at any time by giving to me at least 30 days notice under normal circumstances.,0
214,"Notices:  The Bank and I may give notices under these Terms and Conditions: Electronically to the mailbox of either party. Such notices will be regarded as being in writing; In writing by delivering them by hand or by sending them by post to the last address given by me and in the case of the Bank to the Corporate office address as set out hereinabove In addition, the Bank may also publish notices of general nature, which are applicable to all customers of NetBanking on its web site. Such notices will have the same effect as a notice served individually to me.",0
215,Merchant Payment via NetBanking,0
216,I agree that I will initiate my transaction on any website only post satisfying the credibility of the merchant.,0
217,I agree that all merchant terms and conditions will be applicable on me for any purchase done or payment made to the merchant and  I will always agree to the same before placing any order with the merchant.,0
218,"I understand that the Bank shall not be in any way responsible for merchandise, warranty or services purchased or availed  by myself from merchant establishments (such as website or application) including on account of delay, delivery, non-delivery, non-receipt of goods or receipt of defective goods from the order(s) placed by myself.  I clearly understand that the netbanking facility is purely a facility provided to me by the Bank to purchase goods or avail  services and I understand that the Bank holds out no warranty or makes no representation about quality, quantity, delivery or otherwise howsoever regarding the goods or services, and any dispute must be resolved by me with the merchant establishment directly.",0
219,I understand that the Bank will not be responsible for any service/product related concerns as the Bank is only a payment facilitator.,0
220,"In case, if the merchant  claims non-receipt of payment from Bank for a specific transaction, I agree to share such written communication of the merchant with the Bank.",0
221,"In case, if the merchant is not responding to my queries related to specific transaction, I will ensure that while raising the complaint with the Bank I will submit relevant proof(s) (such as emails exchanges etc) to the Bank.",0
222,I understand that no grievance/complaint related to my transaction beyond 120 days will be entertained by the Bank.,0
223,"I understand that for all payment transactions where status on merchant website is not clear and my bank account is debited successfully,  I will first check with the merchant on the status of my said transaction before initiating another/fresh transaction.",0
